,A,B,C,D
2000-01-01,-1.1841105914791723,-0.05345731728286527,-1.266778938900907,0.38148482272532347
2000-01-02,-1.3993448952334089,0.2774918850600398,-1.8987038617995884,-0.18541200728857454
2000-01-03,-1.1218890930574081,-0.5072230764243795,-0.48317131003678004,-0.3665443016138379
2000-01-04,-1.6545320014808422,-1.7890419565187936,0.37286384149674257,-0.19261938089450484
2000-01-05,-1.4381507536734508,-2.19610747080644,-1.0627026484626376,-2.248751107511295
2000-01-06,-1.0626368674578512,-1.3208042759269394,-0.7692324877827811,-2.358810582000561
2000-01-07,-1.053688848028055,-1.1670172064165336,-1.4746260344449567,-1.6869120254205683
2000-01-08,-0.6224830219543651,0.17546602913318554,-0.32993545906485755,-1.4850841704097808
2000-01-09,-2.389209450363678,-0.7102724594818712,-1.232339511326533,-3.3232377408722846
2000-01-10,-1.5361097848506424,-2.114831294561271,-0.4992328798633804,-2.086901141597939
2000-01-11,0.42140237280513326,-1.7800612784997238,0.13032177244839793,-1.9756972144841658
2000-01-12,-0.15395646536759944,-1.9552307284752521,1.9051774275223572,-2.5547380963417927
2000-01-13,0.16338103218008182,-2.199896410307312,1.1356669261094234,-4.056032357012553
2000-01-14,0.309410725864212,-3.4680638656076512,1.9926594604227161,-5.1968908640594655
2000-01-15,-0.5311067409971386,-5.169102264556387,1.9804561712386777,-2.5904885132199484
2000-01-16,-1.5453071370047402,-5.097342366787098,1.9593895231145217,-2.7648029312924023
2000-01-17,-0.03369854985669285,-3.357524036117459,2.8360747675001323,-2.1456158611368057
2000-01-18,0.6625307996497177,-1.7782069369750175,3.8507604692185184,-1.6470537263229557
2000-01-19,0.8123243200994451,-3.532536486101513,4.624131914070947,-0.3825708800703742
2000-01-20,1.3370939632072822,-5.2999056957092225,5.580929281490342,1.3765531604204335
2000-01-21,1.5101203090520194,-5.682828684826207,7.097696041927641,1.1989745313681899
2000-01-22,2.9550343225625992,-6.886867600986037,6.665286311891973,-0.5843553297773512
2000-01-23,3.8945980214746285,-8.257979259903621,6.490459556157162,-1.6668669249703165
2000-01-24,3.334999219773753,-9.119911591173281,7.557106781193896,-1.0299764578411685
2000-01-25,3.6345532802562195,-9.479202403292922,10.240778400564714,0.41909509230310027
2000-01-26,3.1053546745132725,-10.0469996960336,10.926429651748562,3.0109128647419663
2000-01-27,3.3001581755202882,-10.12870822632123,9.5978021971967,1.4344084997020885
2000-01-28,2.7922454697047194,-10.714047306012239,10.600004356362444,1.2022894955772032
2000-01-29,2.953282268981528,-10.387942841420106,12.087742279726767,-0.4461133802015014
2000-01-30,1.9511641450883634,-9.607847707966283,11.232708655469635,-0.9784215253995198
2000-01-31,4.494866543308996,-9.733292064510433,11.893064254965946,0.1341078117124107
2000-02-01,4.524214753451996,-8.637169479943013,11.348682201963706,-0.9742129405417835
2000-02-02,5.302472447038029,-9.87577397793543,11.381998877040623,0.636177252090843
2000-02-03,5.5323678192795525,-9.497573518600188,11.515634964014735,0.8235952268977358
2000-02-04,5.2994396764577045,-10.119874670424887,10.136038938475679,0.876888249955166
2000-02-05,4.528047707524194,-9.65838248625252,9.591438398295606,-0.17212320191713304
2000-02-06,5.855680816949257,-9.941896456365175,10.531721271037954,-1.0972395150348055
2000-02-07,4.810857370907536,-9.406058077627874,11.496074051613306,-1.4448394650649545
2000-02-08,4.967468014548695,-9.81130324442058,13.031390300653857,-0.830218810094229
2000-02-09,4.645804860623556,-8.63062238870127,13.261588184322651,-1.309119281288465
2000-02-10,4.40068042990087,-8.997312636802942,12.962883960614263,-0.8522773633412971
2000-02-11,5.212816832969935,-10.437075671206475,11.761886152301019,-1.5823624923092638
2000-02-12,4.936379681000266,-11.454288543093636,9.332001254240549,0.2731644753901188
2000-02-13,2.757584795367811,-9.711024049857738,10.675281433385393,0.00402315863095104
2000-02-14,3.4308930772087347,-10.338135082577883,10.155535188593193,0.17805878299341832
2000-02-15,3.8287465153962366,-11.635637358554243,10.021081461550049,0.12367646998035807
2000-02-16,4.066090625670839,-11.423274006087368,10.241430918973299,-0.5897504814925523
2000-02-17,3.4604131302597643,-12.288562596610353,10.228830228264718,0.11673650455608564
2000-02-18,2.0999086892881316,-11.554185423095712,11.672983620737819,-0.9523593411643677
2000-02-19,2.5333155912125878,-9.95950292448398,11.774240522359676,-1.6786050362305982
2000-02-20,2.2308365070984335,-10.071208320861873,10.505218622486998,-1.6955836378972644
2000-02-21,2.3240575929230194,-10.340280834052033,11.047078655102426,-1.7284402874733376
2000-02-22,2.0483570151736314,-10.849081044252825,10.656053931834021,-3.4351402603654524
2000-02-23,0.6114121128750047,-10.643382970167691,9.927092112646045,-4.391414957814868
2000-02-24,0.01663979558663009,-11.635875124900577,10.034777601357531,-6.041316040927997
2000-02-25,1.0859721143855419,-12.467016306407793,11.52112014416499,-6.263769386307411
2000-02-26,1.688604714805908,-12.176689938653547,11.376487179508299,-6.671728774498665
2000-02-27,1.4692093184566344,-11.497753687273951,11.725654158246499,-7.9400508096096365
2000-02-28,0.6625111108273969,-11.155750956502676,10.593193622400475,-9.963763863655533
2000-02-29,1.4714405508463564,-12.032236896444138,9.753487722265291,-7.681571293018592
2000-03-01,0.9852885526799735,-14.290449238070607,10.009449734740057,-6.3975635465418
2000-03-02,0.18224603023994945,-15.251564888142504,10.124212734919503,-7.785478914601104
2000-03-03,-0.6326583785200247,-15.786685941420425,10.416177624374987,-7.729723330447866
2000-03-04,-1.3157764725425622,-14.06452337204973,8.333738735932126,-8.527292788390554
2000-03-05,-2.013080513387178,-12.98827362912123,9.178779269310578,-9.742381965058598
2000-03-06,-1.5008217005699982,-12.96527036221624,9.447248126741455,-9.314988031120006
2000-03-07,-2.68299938903636,-13.190486015275816,9.005693362944145,-10.849800363710434
2000-03-08,-2.998838949211837,-15.279092678898664,11.562280699436466,-11.942011916225862
2000-03-09,-2.6393174974146283,-15.273549293736057,12.565008090178779,-13.908621971606909
2000-03-10,-3.798887289686105,-16.411516452959823,12.476677619983827,-15.460779987653913
2000-03-11,-3.708323513734475,-15.563311169731234,13.176982470012767,-15.960997263049398
2000-03-12,-3.182466316093989,-14.206267342630865,12.502792106297012,-16.125241048991235
2000-03-13,-3.5272535497949113,-13.20717216408021,11.867347783299518,-16.038950333664275
2000-03-14,-1.037340689327849,-12.525230429807976,11.53018397568447,-15.785814112992924
2000-03-15,-2.2815917483135033,-11.285448319079254,12.379952130305982,-15.537563864751506
2000-03-16,-2.3051160477078323,-10.415870712280796,12.943126501125835,-14.40775865720256
2000-03-17,-3.13928941051769,-11.256801037835643,11.665881213974574,-15.14637412867384
2000-03-18,-2.9524200416697517,-10.752034003551724,12.025205432151571,-14.045877939068198
2000-03-19,-3.866216182507637,-9.574050057126158,11.272642702778937,-13.982754916905456
2000-03-20,-5.393705878625383,-10.290644314835493,10.533937332879105,-13.595990551908859
2000-03-21,-5.46690590422694,-9.825984736310152,10.700904008770213,-11.644535123307126
2000-03-22,-7.16683732822251,-10.207496269699377,11.760827864003456,-12.152922560504258
2000-03-23,-8.51852541704613,-9.746179141738025,11.328536383878317,-13.86159336514192
2000-03-24,-9.452215833552284,-7.891942465970324,11.23066572294905,-13.54362000927291
2000-03-25,-11.355358936614326,-7.842497681739581,12.415611114394974,-12.861525876572577
2000-03-26,-12.001914607399991,-9.140608016765349,12.214734265495627,-13.57336448473582
2000-03-27,-13.815300278624614,-10.561053422710325,13.206645165574898,-13.587457736719527
2000-03-28,-15.122791499806006,-10.35704213891021,12.342671060295773,-15.232835133721435
2000-03-29,-17.263517538056494,-8.989949108628378,11.062200193211835,-13.9446370905331
2000-03-30,-17.841922269704696,-7.080944732024154,11.061939179446902,-13.571090237604752
2000-03-31,-16.077669344156785,-7.61138740986478,12.77767550522551,-12.53539964875388
2000-04-01,-17.160508123101753,-8.354068029203912,14.39102242141098,-11.236763319842604
2000-04-02,-15.74522236626742,-8.889148858418729,15.464598199467337,-11.838154251206912
2000-04-03,-15.941172904122194,-8.500630660162765,14.55654091539147,-11.660258058195291
2000-04-04,-15.275724209463485,-9.485747130244158,14.963952680073152,-10.161651611633319
2000-04-05,-15.327206614005576,-8.70088952210488,15.404062388892797,-10.054574002126161
2000-04-06,-15.051358496888819,-8.864433864859611,16.10314498277006,-10.52713517326688
2000-04-07,-16.01277464619622,-10.20817999920913,16.834636371677313,-9.716211489913533
2000-04-08,-17.278956796128508,-9.704583760247804,16.727856997917986,-9.458754555832511
2000-04-09,-17.60672390924068,-9.756979368183536,16.802958461315928,-9.389167358239433
2000-04-10,-18.08404273930782,-8.803519954619462,18.635129593144686,-8.286531202668744
2000-04-11,-18.863879145689058,-8.053249713559673,21.098075004377275,-6.063244608349141
2000-04-12,-18.903747516964792,-8.026390519372505,20.68239353521975,-4.432546717374855
2000-04-13,-19.745460548191602,-8.986867164457601,22.428879155386486,-3.585395020444207
2000-04-14,-19.483501659057673,-9.665815622616366,21.69183911706732,-4.226582918280489
2000-04-15,-19.629485880398743,-9.61974077291141,21.722465219404775,-5.223108450441062
2000-04-16,-19.590964427509768,-7.769438519634215,22.39740055902681,-5.927089919728917
2000-04-17,-20.36533653151927,-7.870822334916744,21.25648438084882,-4.636042100992843
2000-04-18,-19.6891906380266,-8.71512363711786,22.025112120314486,-4.013208054975507
2000-04-19,-19.336143921789503,-10.774481640306197,20.551993548836705,-5.072511136358656
2000-04-20,-19.912006170081177,-11.175186571454134,19.838626393142327,-3.092388506565642
2000-04-21,-20.24497085252436,-11.483573490194274,19.931809782849758,-2.6999961251124556
2000-04-22,-19.2898734395239,-10.753886110030006,19.743090458680363,-4.452058601913372
2000-04-23,-18.617007893347733,-10.210665474147843,20.18684180113732,-4.953844998543961
2000-04-24,-17.612692830171028,-9.449972390195905,20.849549960295825,-5.77186740423494
2000-04-25,-17.990111856829348,-11.282504725725971,20.121006121394927,-5.132144784440485
2000-04-26,-19.950552388798474,-10.437798648699655,19.699033536479575,-5.763600536320547
2000-04-27,-19.006397457541862,-11.578524338709991,19.080715140617805,-4.509260274444478
2000-04-28,-21.209991995861213,-9.909813391803043,18.28465992503078,-3.564966461974276
2000-04-29,-20.746989779481734,-9.317529837097466,17.11421624240267,-6.414737704666532
2000-04-30,-19.915310737646692,-9.477387573115413,17.48380364315265,-6.058946111352636
2000-05-01,-21.25133712636353,-9.241928654118531,17.666975419335802,-7.449338574367298
2000-05-02,-21.301917491338333,-10.585814590724752,16.06060137515644,-8.627153275810713
2000-05-03,-21.927625813224417,-9.355730891440489,17.441750358231985,-8.948668066896072
2000-05-04,-22.57712178176519,-9.528397107012514,19.200258119103207,-8.102344789669655
2000-05-05,-24.06475381080119,-10.359497719204384,19.11275163907071,-7.39139235655356
2000-05-06,-24.162367336153697,-10.522366370802477,18.10718273310769,-8.229223569123892
2000-05-07,-23.1764142969063,-10.485959366262799,18.341481029950163,-8.561007845045282
2000-05-08,-23.74052099299785,-10.564656552506227,17.28299718222844,-7.133108801667285
2000-05-09,-24.193655253877374,-9.550390178628884,17.072465913264296,-7.497933391905654
2000-05-10,-23.11127804287377,-9.557316255726455,17.067733570518293,-8.4341869523
2000-05-11,-22.5390679062986,-8.870905583575759,18.09994670245656,-7.970393425019561
2000-05-12,-20.852270184672246,-8.705122599799362,19.006087067178115,-8.946344833993633
2000-05-13,-21.12373363375498,-7.707586178020687,18.46221662541867,-8.008323054812989
2000-05-14,-20.567973106013692,-8.564195717300036,18.161257855519437,-6.8742119551875565
2000-05-15,-21.35285962084737,-7.716880310866914,18.73976895280924,-8.67293571318655
2000-05-16,-20.916373730968672,-7.6214153489254635,19.72506559371996,-8.438848972066825
2000-05-17,-19.541506074545662,-8.551467388962116,20.656187745610833,-8.365174519393875
2000-05-18,-20.35182260053941,-9.524293517997771,22.15880025187815,-7.801646428406733
2000-05-19,-21.191036107934796,-8.83182729616603,21.059170111868518,-7.699259103734047
2000-05-20,-21.106719319264116,-9.23993261372506,21.03408345839501,-8.681733422686028
2000-05-21,-21.69786737584196,-10.012295642439287,20.9420999893754,-10.866560729264732
2000-05-22,-22.9307780733165,-11.556646586122126,18.942922351746176,-10.40282414983182
2000-05-23,-22.302891621933878,-12.694392549868496,18.560798300893563,-11.891591065489457
2000-05-24,-22.104862590947874,-13.433405924103882,18.58108244035008,-12.998735277757278
2000-05-25,-22.11140263718269,-14.279604787119005,18.52089722568936,-13.09226276611095
2000-05-26,-19.99497425482186,-13.368244934754074,17.627724936398014,-13.560878012753719
2000-05-27,-21.581565344947922,-13.257423801036904,15.92045828858814,-14.453359879859686
2000-05-28,-20.964373461692823,-14.10371741687473,16.662045562790993,-15.706010041434388
2000-05-29,-20.624009504018684,-13.016855758608413,16.947020552043686,-16.65769157286404
2000-05-30,-18.944719605963858,-13.111967452284246,15.910020063297111,-17.230143334769366
2000-05-31,-18.6037749093614,-13.043521859030722,14.686880510136458,-17.494089987155014
2000-06-01,-17.280569155178835,-12.907336421280824,15.46716236390476,-16.869627898056937
2000-06-02,-17.465305377723414,-13.533557816485212,14.938671207937487,-16.859314381053423
2000-06-03,-15.017962456922866,-12.507672340970514,13.256096877388451,-18.52879387790202
2000-06-04,-14.478690277777881,-12.586195286734803,12.988406176760375,-18.688746788489667
2000-06-05,-12.532393711573107,-11.243126007515158,14.91660447121518,-18.270814060171986
2000-06-06,-11.581832173011732,-13.2722142510516,14.945311337721945,-17.850710208447907
2000-06-07,-10.156381492756678,-13.999423873160977,14.644539687008532,-18.459318283245224
2000-06-08,-10.955673358934888,-13.329169736347227,15.22399437353883,-18.344816843382286
2000-06-09,-10.46229835351279,-12.494470325960522,14.90547633597528,-19.28776780538037
2000-06-10,-10.584754090299999,-13.660640923213599,14.809748234462626,-18.736732645903476
2000-06-11,-11.164951412780917,-13.661018353988531,14.234401867670393,-16.537623171673395
2000-06-12,-11.498367692805793,-14.110500988830287,13.343595734670254,-15.409390939719707
2000-06-13,-11.480179655557087,-12.619470758206408,14.105428647190474,-15.642680394940442
2000-06-14,-11.203434472105467,-13.599828426134142,15.024805035561121,-18.258465788364834
2000-06-15,-11.322243015858808,-14.86150146544905,16.32119960332387,-17.053457491057337
2000-06-16,-11.97018327919237,-15.538954396721259,16.87645595803083,-16.589208679071238
2000-06-17,-12.917135844175055,-15.227893337097033,16.590457283836372,-17.095139937274094
2000-06-18,-11.86648945356689,-15.6555112693967,16.22237504422376,-17.701651520207406
2000-06-19,-12.344360595094363,-16.823001210562794,15.301663779011575,-18.076844395428278
2000-06-20,-11.61271859514358,-16.219672640171407,15.179580232085076,-19.537069707793336
2000-06-21,-9.913560390971824,-16.75860012155395,15.489600668184718,-20.46998946839694
2000-06-22,-9.453870023971117,-15.150005203973327,15.124967599058541,-20.937994025775534
2000-06-23,-10.878395085089954,-14.832139056486557,14.182110341039081,-19.559674014415
2000-06-24,-10.214277290586278,-15.118627962622414,16.415254292853838,-18.64801049583943
2000-06-25,-10.911153740621687,-13.779906923982868,15.378294196289646,-17.920344201556233
2000-06-26,-10.913304154746765,-14.608871383064306,14.53101181131967,-17.597864760289145
2000-06-27,-11.093947295074829,-11.892628679969357,13.781707154536198,-17.174463704681415
2000-06-28,-11.871914644209578,-10.53616996352331,13.700339102513146,-15.027484679396066
2000-06-29,-14.630257511291127,-10.070477996139195,15.721967572785111,-15.948589747775017
2000-06-30,-15.194491311039542,-11.246355987201706,14.407941832517489,-18.52262313299198
2000-07-01,-15.229028918114151,-10.985898536442118,14.87987875771726,-18.461688956940804
2000-07-02,-15.491429331610707,-10.403777059647126,14.917268123611098,-18.56297674339348
2000-07-03,-13.732197852750112,-10.132403536723908,15.951320274022299,-18.134822746281138
2000-07-04,-15.45551709993038,-11.011852487001168,15.700595838848242,-17.999810147809885
2000-07-05,-14.391741573870688,-10.482215031533867,16.277475129784225,-17.767320431962982
2000-07-06,-13.793653955627267,-10.458320544700237,14.183168771166788,-16.52111088349158
2000-07-07,-13.720886940786793,-8.995550574596013,14.65884283817333,-17.197114346095297
2000-07-08,-11.005708374058974,-10.393638218725402,15.637841208808721,-17.788198376020862
2000-07-09,-12.52456141382609,-11.740912625587118,17.471024708829187,-17.105862897954044
2000-07-10,-12.720988631194633,-11.842679859635478,16.783353296894578,-17.39097818310812
2000-07-11,-13.250954413726905,-10.790321422516294,16.805256957389147,-17.082603042331854
2000-07-12,-13.618176436037315,-10.876622565751545,16.474441061214755,-15.1513764258317
2000-07-13,-14.95561631209903,-10.151221636473414,14.66334218096909,-14.033228710980177
2000-07-14,-14.30646539942059,-10.894859130376945,14.25913777110375,-14.778882776628006
2000-07-15,-13.870726209012286,-11.335966489769946,16.27837049865563,-14.627403180987276
2000-07-16,-13.326038261661859,-9.353191658229292,15.381364445143648,-15.203306606429692
2000-07-17,-10.91346923523454,-7.903258857051258,15.141541964093577,-14.79666048494177
2000-07-18,-11.689579935383838,-8.397092646513267,15.877366177852934,-14.848433175583517
2000-07-19,-9.888516605856545,-8.572548681837041,16.363653181940656,-14.438982410715877
2000-07-20,-10.156265713815426,-8.331932828500022,14.99337217266025,-14.119736769465533
2000-07-21,-10.800035309715826,-8.978593821752044,15.689034582022385,-13.28814335098068
2000-07-22,-10.331566428358471,-10.23198998113589,16.30116410831095,-14.472953946636958
2000-07-23,-11.556093260649886,-11.035069290186389,16.12682233123024,-15.126425198084657
2000-07-24,-10.514253909686902,-10.90240093030783,16.024925804286333,-14.144379044949432
2000-07-25,-13.340289506513319,-10.132788161062605,16.793291275640872,-14.514563041363271
2000-07-26,-12.731597295063656,-11.263070080691202,16.699384619012108,-14.364530579194538
2000-07-27,-12.75613760248184,-10.28433120613406,17.402156196713495,-13.694151924025288
2000-07-28,-13.720076554343631,-9.09292645544187,17.770057362383955,-12.820029063203577
2000-07-29,-15.618682794845817,-8.956421218014265,18.87860928710169,-14.512127604550045
2000-07-30,-15.762753870460525,-9.013719758505411,18.83959385475598,-14.471501610865555
2000-07-31,-15.822159781572442,-9.241610765344847,19.111973460218167,-14.392812850444539
2000-08-01,-16.658616082590452,-9.685443192651444,18.312438459848543,-14.674356629071708
2000-08-02,-17.966950169461178,-9.013936855861992,17.767537909172724,-15.755434653078497
2000-08-03,-17.680967524647457,-9.18413653300922,19.55018527683834,-17.332984745480857
2000-08-04,-16.967706274734727,-11.188703548271711,19.848886948183374,-17.780899444127552
2000-08-05,-18.18206544530129,-11.188510662484143,19.56889419020681,-16.211755972751572
2000-08-06,-18.007741831413362,-11.611642341685,19.4135789800722,-17.32268704863261
2000-08-07,-18.39875340615366,-11.963610352186157,20.702877249740844,-18.263734887105805
2000-08-08,-17.492636280734136,-11.290726099745097,20.483584311738877,-19.98611294972047
2000-08-09,-15.931584921902953,-10.245579578934693,21.662724319826815,-19.54877743368706
2000-08-10,-17.049720393329,-9.377686265059673,21.12338970113089,-17.670371375783816
2000-08-11,-18.511539394192482,-9.248780395471908,21.68027645167296,-18.34866954704653
2000-08-12,-18.393938062697465,-9.939319248682303,21.996525732410127,-18.63622001283835
2000-08-13,-18.60669021195432,-8.534406375479625,22.83054184987013,-19.47216244225772
2000-08-14,-16.706655534925847,-8.88293798081644,22.018046928898112,-21.97980354575945
2000-08-15,-15.707714140754224,-10.728852438054933,22.09073060929668,-23.163664252266894
2000-08-16,-15.162323529343158,-10.683520376629382,23.875644325485652,-23.956867106128833
2000-08-17,-15.333617588042868,-11.000534343614811,22.270696682052453,-24.581538228434265
2000-08-18,-15.23170921962093,-11.899368324517546,22.3327663121568,-24.432150882101265
2000-08-19,-16.290309232139933,-11.151500374688583,22.882438513765166,-25.396340246925284
2000-08-20,-15.849540721659245,-9.882448443134322,19.873947412597687,-26.344521054789187
2000-08-21,-14.555383967310433,-8.117432466142915,18.056929123371763,-25.031688347418566
2000-08-22,-14.266011774892327,-7.722470132682544,18.94089859111503,-25.295254122248885
2000-08-23,-15.991904353673153,-7.772930234855751,20.222059721323763,-24.235197161084006
2000-08-24,-14.99389056924147,-7.895510620786047,19.409287628102557,-24.532974438052175
2000-08-25,-13.005165907806079,-8.47801916753482,19.824246164481625,-25.43053301177657
2000-08-26,-11.689891715139575,-7.2384218491894945,19.841452709585603,-26.85854025296293
2000-08-27,-11.653796240024855,-6.067464444976072,18.519759696806744,-24.3137777122495
2000-08-28,-13.34605271969423,-4.617564775456171,20.69901536848339,-26.96264414438808
2000-08-29,-12.744725519635788,-4.527867309922926,21.179831013619797,-25.06432966404038
2000-08-30,-12.673676674965796,-5.711186412460948,20.549738899179857,-24.069411542755002
2000-08-31,-13.480733234477556,-5.651786317608023,19.61283375394822,-23.35843783672038
2000-09-01,-14.24937670833853,-5.896858004821108,19.945248258542723,-24.24742034384696
2000-09-02,-15.568454526801771,-6.746444772397747,21.41343168794814,-24.159269599160623
2000-09-03,-16.707942391990912,-6.116100018935911,21.68439148706348,-24.03965496583441
2000-09-04,-15.152854616778274,-4.915009266520599,21.846234979597817,-23.725611899191215
2000-09-05,-14.016396009130144,-5.411698535315725,21.92971534081109,-23.800921166303194
2000-09-06,-14.425313413872965,-4.77084622666181,21.559731469061347,-23.933225346756938
2000-09-07,-15.829935887334194,-5.625811559337096,22.84059313370176,-22.936485515496734
2000-09-08,-14.282904227896733,-7.15956429369074,24.780680981338875,-23.323802758410444
2000-09-09,-13.363821498224949,-6.046918301267587,24.809931095461707,-23.39420000086812
2000-09-10,-15.505915271891414,-6.302107855157718,25.35193569332486,-24.472316676981137
2000-09-11,-14.892525492002001,-7.575033994851335,24.309747610586136,-24.145444436593788
2000-09-12,-15.155090664957795,-7.466920213517673,23.73945255394741,-23.97901687840452
2000-09-13,-15.65189668861171,-7.6272775783345725,23.33828878686122,-24.283807694517787
2000-09-14,-17.129004760654748,-7.803400846995166,24.17388533648999,-25.541364330677094
2000-09-15,-16.180832159247984,-7.340200589706794,24.336973325220455,-27.286044153529357
2000-09-16,-16.881648866168387,-7.521057542187322,24.49166739162064,-28.039364657892445
2000-09-17,-16.192576621904777,-5.696898713834666,24.13121054677835,-27.35640846721649
2000-09-18,-15.90165211676909,-6.813825081352475,25.006320914165936,-28.53366353074933
2000-09-19,-15.50195453899278,-7.080587343016202,23.314245257184943,-29.358384895534442
2000-09-20,-15.619165236344834,-6.371130688512527,21.99821336623916,-29.262688627231
2000-09-21,-16.582768090984885,-7.404728825659232,22.278918045445614,-29.022651743771867
2000-09-22,-15.59864816329622,-8.4492923662846,21.467960947283256,-28.43024640956745
2000-09-23,-17.50317632310187,-6.9339776458559115,21.223883512350945,-29.14257945214352
2000-09-24,-17.004818514352785,-6.718728750169695,20.713524093595904,-29.553394217468593
2000-09-25,-18.86990420993835,-6.270709517417156,20.0975746033018,-29.45573102066403
2000-09-26,-18.35389324304092,-4.694410233032999,17.584500915844423,-29.615599807543138
2000-09-27,-16.259272729845993,-3.8114311129682656,17.653345804802193,-29.098805613716298
2000-09-28,-17.423040524941857,-6.425583429534148,19.336903745079393,-27.732181657581098
2000-09-29,-17.148221250977052,-6.933490764834159,19.854778591133947,-28.557064190616757
2000-09-30,-17.28156738671632,-6.847620499114132,19.249321285222937,-28.596974712151475
2000-10-01,-17.490588699450846,-7.848521019433892,18.41834259196527,-28.837423766153567
2000-10-02,-18.307045229057945,-6.797755970105323,17.28327694646225,-30.88056260032429
2000-10-03,-19.47063030770855,-6.60602432882402,15.934125814371278,-29.38208832573146
2000-10-04,-20.66377849826335,-6.440126891650964,15.303030648898863,-28.339349978450805
2000-10-05,-22.03288694592748,-6.246860899717184,16.63616716568234,-29.37213670848888
2000-10-06,-21.047039258110086,-8.32411837834001,17.48970667603352,-30.760238864385695
2000-10-07,-19.395779125928307,-8.392472027560844,17.815310317808493,-30.025342964805407
2000-10-08,-21.068433955149164,-10.135122154033049,18.303843777624554,-29.842175374571184
2000-10-09,-21.030102754539026,-10.160881575211404,19.32479562197924,-30.311116075307545
2000-10-10,-20.27016529007842,-10.323965186967502,20.063585167625515,-28.720052702771866
2000-10-11,-19.629690477425754,-11.02929578218067,20.423964342788597,-27.166294998507198
2000-10-12,-18.37447687898232,-11.580197361432813,21.875828139859834,-26.354290232477307
2000-10-13,-18.555451609873657,-10.507676381123737,22.690805674135795,-26.390469454966166
2000-10-14,-18.60310069596706,-9.296185826958194,21.458657881063584,-26.265060909085175
2000-10-15,-20.144934634940455,-8.93911802611213,20.391956927011783,-24.320672654368874
2000-10-16,-20.537387001089574,-8.348405651699245,20.16498593794873,-24.724478596065364
2000-10-17,-20.778151087084588,-6.899679221980074,19.87917196296165,-24.168672536327406
2000-10-18,-21.723485113002358,-6.571513940293407,19.648118534662334,-25.53277327032877
2000-10-19,-21.306556720344002,-5.786309090430916,18.4782859538361,-24.409837075321022
2000-10-20,-22.242028545293664,-6.406343015594657,18.05676345325071,-26.372447868939425
2000-10-21,-24.591292347896243,-6.140623510735715,17.293147954902953,-26.071890924194918
2000-10-22,-22.985382483220036,-5.53207255138804,16.31057321054189,-26.67869805130786
2000-10-23,-23.343516561421936,-5.989394967471911,16.677316938806182,-28.20295573985858
2000-10-24,-24.181651601282105,-7.125110367538009,15.140239649447295,-27.096671662778032
2000-10-25,-24.15061771864397,-8.0710083864393,17.689890374046026,-26.85707725569427
2000-10-26,-25.268701656222404,-7.035370998724629,16.71171678366544,-27.107417332220084
2000-10-27,-24.69171020127195,-6.668862727072967,15.614616283016304,-27.830980065999213
2000-10-28,-25.297348913223697,-7.925291799593383,15.618860804395196,-27.572012723136666
2000-10-29,-26.417920895652586,-7.7601550731933155,15.048887998374914,-29.20195590816622
2000-10-30,-24.333679612913535,-7.664308450691928,14.161984825767792,-29.370561200045508
2000-10-31,-23.5072468446633,-7.123355671648111,15.623645782784086,-28.083939247960796
2000-11-01,-23.755982770442213,-7.3477201673668215,16.631982253258432,-29.18744045370268
2000-11-02,-23.763810799265134,-7.29620003263891,17.487302838244123,-30.9563913029884
2000-11-03,-25.34908026748448,-7.92887028352067,17.090003567441293,-31.233770300321684
2000-11-04,-27.673351793328635,-7.887081436405954,17.434211578672457,-30.419499790328313
2000-11-05,-28.44031591734009,-7.771693586250988,16.85721973040934,-29.38674275198837
2000-11-06,-27.53909341141861,-6.929556745624693,14.741496551519205,-27.772792818285417
2000-11-07,-27.05241395059792,-7.567712918877904,15.453359058809415,-27.342381743577153
2000-11-08,-28.018020187695537,-7.953001689820843,16.51422544758693,-27.61526562547195
2000-11-09,-27.839960446066847,-7.273803849426787,15.91006306786838,-29.62560506272739
2000-11-10,-26.431969610534427,-6.80646388552219,15.59945540987877,-28.70341247430928
2000-11-11,-25.914273702995082,-7.407063096913251,14.547294926085739,-28.953020281905925
2000-11-12,-23.925218538328444,-9.135616435293588,15.163190543799379,-27.274464866012547
2000-11-13,-23.411494032334303,-8.970364815536472,13.68246778674807,-26.76823037406459
2000-11-14,-22.740272989902834,-7.8322797274417075,14.486111565777946,-25.321798648622664
2000-11-15,-20.797036608419496,-8.285435095855684,16.218519721149367,-26.026354933003653
2000-11-16,-21.35199196343686,-7.849482138166416,16.786396453514765,-25.716005509981
2000-11-17,-22.422842427784172,-7.849442595888374,15.450708002635823,-25.12847149948462
2000-11-18,-21.614474936834657,-8.361545173145677,15.247077754547828,-24.66071957763648
2000-11-19,-21.876657608016362,-9.559119317928415,15.852336746698752,-23.662784032614727
2000-11-20,-22.44579686185987,-9.316418154904113,18.070191440836656,-21.513144702105006
2000-11-21,-23.44169166562343,-9.303144612115904,17.55948243874796,-21.555613795156496
2000-11-22,-22.831535551111646,-11.062510424204417,16.443569040356653,-20.387839539225723
2000-11-23,-22.220223992976685,-12.684844103553607,17.547774052237518,-20.753087057852152
2000-11-24,-22.43993595247782,-12.356337942285714,17.811667046883198,-21.594804832824227
2000-11-25,-22.98153893877591,-11.53099951838155,17.37418976086563,-21.749332394301028
2000-11-26,-21.17026297968484,-10.388501912481722,17.956561521998058,-19.681543474521277
2000-11-27,-19.642132111817446,-10.770401021166055,18.3282614003244,-18.190849175642317
2000-11-28,-19.069367015100404,-12.597498273386972,17.80147886002067,-17.936475519680155
2000-11-29,-19.060623534356903,-13.651061918838257,17.993673819896017,-18.122609562598488
2000-11-30,-17.881738904834112,-13.623532972786126,17.615109659568844,-16.947224258769968
2000-12-01,-20.425881275782288,-13.526761635261852,18.762159479719582,-15.881233814508498
2000-12-02,-18.652112003973993,-11.886597370454862,18.712181243001073,-16.183656015446367
2000-12-03,-17.68374125059649,-11.485203371930572,16.826581382732414,-16.216406071395813
2000-12-04,-17.51041957090043,-10.951544687406514,17.503494266965266,-18.595593115797623
2000-12-05,-17.038837427988945,-10.006926329218,16.58501251017245,-19.49371897460356
2000-12-06,-19.40347846878699,-10.655805328410556,14.697909494015704,-19.762708994456343
2000-12-07,-21.265518746827144,-10.401557949897667,15.961837799936477,-19.208674894889977
2000-12-08,-20.773910752929375,-9.510226907846475,16.449296905648108,-18.71901321864729
2000-12-09,-20.686504330353472,-6.660072547940529,18.22391053759661,-17.925325314819535
2000-12-10,-19.751435622686294,-8.40217819197562,18.77364639341849,-16.92233668507644
2000-12-11,-20.04999191719827,-7.611521949260554,19.389861587667106,-16.219473432699644
2000-12-12,-19.81383177831354,-7.762469645420595,20.06770684694206,-14.50848881413419
2000-12-13,-20.31097667525703,-7.2400697493636015,19.666576107532574,-15.841928639947671
2000-12-14,-20.068896439542684,-6.9560941865890795,18.978656882226367,-17.281497047248738
2000-12-15,-19.871777581033115,-6.359175857059665,19.983662187890232,-17.52355926225748
2000-12-16,-18.61025968534062,-6.843072934527765,18.88873348219742,-17.747025308393614
2000-12-17,-16.553219909819344,-7.4571660670718325,18.631769929866564,-18.650737983288284
2000-12-18,-15.35241394264294,-8.71960730101796,19.021284613133794,-18.070952019472767
2000-12-19,-14.639867834410277,-8.318007477854163,18.549564838347223,-18.87990491939331
2000-12-20,-15.56701796915925,-7.0000353548682215,20.424833188160218,-17.861371717675596
2000-12-21,-14.787986230719952,-6.155285823260261,19.634815884857055,-20.885450960299707
2000-12-22,-14.340217024212906,-8.322223667985266,19.782291419016104,-21.66896105008742
2000-12-23,-15.14755703926451,-6.778102086913783,20.278475442937197,-19.726419530665243
2000-12-24,-14.591072500172569,-5.676360904823448,19.877934036491464,-19.549659461405923
2000-12-25,-15.500153930308064,-6.821497015705589,18.002589113619226,-18.718359041491325
2000-12-26,-16.640425881111437,-5.261485413172372,18.505802823401087,-17.389618382845097
2000-12-27,-16.23347909060866,-3.026451667934622,17.50030912742897,-16.996559940794345
2000-12-28,-17.259511365588086,-2.401567776324409,16.129805407223767,-16.217836305125513
2000-12-29,-17.347704473894986,-1.1438151435689325,15.541420135545641,-15.71050022481481
2000-12-30,-17.53201228261283,-0.8257520760838659,16.15785592303344,-14.647803758795765
2000-12-31,-18.329408841968302,-0.7147404560425228,14.775483547149605,-13.803527568577568
2001-01-01,-20.786922916709955,-0.17185985989347485,14.894953594997896,-15.018087583019058
2001-01-02,-20.013263807244154,0.6443457348842969,15.167177980651694,-14.22283298527376
2001-01-03,-18.648663165175765,0.610840063808813,18.26689538612519,-14.066682288000113
2001-01-04,-19.56301249662315,3.0350926542952408,18.841121306456888,-13.795665373750436
2001-01-05,-18.842308082216686,2.5825020412099264,20.897968994499827,-11.948126134258134
2001-01-06,-19.438545728140085,1.7610676850119171,20.364845106091302,-12.410054980908756
2001-01-07,-21.64955088968334,2.635071501624222,20.85385787473092,-11.847202757121371
2001-01-08,-21.88340641086549,2.4545083219432047,21.704951165441578,-13.459723584532751
2001-01-09,-21.340170413941795,3.559744868228471,21.65952015760874,-14.696780951864898
2001-01-10,-22.726892100543356,4.042027037634149,21.039037716051485,-17.08586469361611
2001-01-11,-22.725599885903772,4.901364815198197,21.60230534959092,-17.84908782311201
2001-01-12,-21.432653752850037,5.4040886389919,23.825924070610167,-18.185076879670678
2001-01-13,-22.502286396506324,5.566624521837889,22.75232327852438,-16.33446593661392
2001-01-14,-23.130443162134057,6.496844154863732,22.932825225570223,-17.25516053132299
2001-01-15,-22.91809561887917,6.459119787964746,21.452144489066473,-17.077562027267636
2001-01-16,-23.087290884992903,7.166040972771837,21.712489339155237,-16.48733688193542
2001-01-17,-21.889287440307257,7.345496346657814,22.833340848792943,-16.22338710413401
2001-01-18,-21.35318238894759,7.130258778131149,23.735249799127324,-15.643500038278281
2001-01-19,-20.738692517491977,6.4445425989563665,23.849324230798235,-14.637918615835426
2001-01-20,-20.41152754133751,6.062142963991774,24.0697791736679,-15.541573590902264
2001-01-21,-19.378284662721395,7.467153349638622,22.76602865329884,-16.54966563317193
2001-01-22,-19.68350041336308,8.209312284134326,20.547100798380548,-16.864356717692303
2001-01-23,-20.511157388362125,6.383646701981462,20.073025081970098,-14.7907923841211
2001-01-24,-20.548266325975266,4.505092237128035,21.250998893687456,-16.233976789956138
2001-01-25,-19.758506625476727,4.010052403536523,21.732761208011926,-16.707443529013705
2001-01-26,-20.290849090495826,2.421022924816704,23.023195912874677,-16.68208376952227
2001-01-27,-19.181929106937673,2.88766697464714,22.78602815996132,-15.240908011523985
2001-01-28,-17.056813656551554,4.037833974501186,22.20787856737677,-17.210119401371415
2001-01-29,-15.393260376116327,5.139422750298992,23.70234418287146,-17.94095939147206
2001-01-30,-16.511864372249924,6.220546402488875,23.75784675490532,-17.814681792983833
2001-01-31,-14.809915065559336,6.294612222447897,23.018623595024668,-16.06434376850284
2001-02-01,-14.657083164237385,7.021183528926771,22.04023624064603,-14.21063477735105
2001-02-02,-14.615459098497517,7.6551804556048975,20.880085919646685,-13.008979228658422
2001-02-03,-15.22619429903482,7.305415857222752,19.887421840767697,-11.492118115434575
2001-02-04,-16.621442878529777,6.555469240243246,19.663973320694332,-11.341415581703476
2001-02-05,-17.30410494345052,5.62067483213416,19.573855594647917,-12.555808075312635
2001-02-06,-16.947915606480347,4.655280534921834,19.61360309707011,-11.606983618005247
2001-02-07,-16.069116369562217,4.790769048995045,19.04712624222234,-12.507797773205416
2001-02-08,-16.09852942723426,3.743014986164531,20.339585164396922,-11.812181649394502
2001-02-09,-15.610765405784193,3.7561547698634916,21.37138013880665,-11.485148253813941
2001-02-10,-15.4899471377,5.1451613125075415,21.52119659441647,-12.276695853359927
2001-02-11,-14.93436839228886,6.73962798490047,20.980083819442857,-13.552795126234392
2001-02-12,-16.53487297115484,7.342572009196943,22.24587605997699,-11.769646244306355
2001-02-13,-16.535316347533502,6.945760479405738,22.761003200185865,-11.40038362782327
2001-02-14,-16.599531452381253,6.999710720463082,24.25557799160554,-10.731116569162229
2001-02-15,-16.677723299242015,6.877519784005972,22.758725466819502,-11.679824412757656
2001-02-16,-16.25064122498442,6.245439361576293,22.843089826314323,-11.576120650563054
2001-02-17,-15.300391551379374,7.7073822514846935,22.33104778187338,-9.454362584994959
2001-02-18,-16.906201321596676,7.7733769309110805,20.925276031149973,-10.323039283928836
2001-02-19,-15.421759869945255,8.112078523760863,20.601339079532398,-10.502890410290302
2001-02-20,-15.520624465433997,7.683278008765901,21.644202360008453,-10.976042467456278
2001-02-21,-15.057613450974875,8.357586513147576,22.693352419342865,-10.45274519918118
2001-02-22,-15.163510812435153,9.529568446267238,22.531297581836412,-9.692761993501552
2001-02-23,-15.483614677912634,10.274449091297663,22.275306138264526,-10.260215909242627
2001-02-24,-16.54318178426082,10.987825330404942,20.908445607030185,-9.828376565450771
2001-02-25,-16.156317203861402,11.409391443817588,19.86541694536698,-9.985121596833276
2001-02-26,-15.527630146006274,12.432558452725399,20.338737871118166,-10.632083444910307
2001-02-27,-15.948637232682191,11.801294067655748,20.419536496480923,-9.555025815265447
2001-02-28,-16.074152561969967,12.548194348398937,21.644361605673808,-8.96896549951844
2001-03-01,-16.00830215943949,13.233361199054025,20.826758727751987,-8.869324170972954
2001-03-02,-14.690430504350761,12.731200552343491,20.795856471051092,-8.997213220916382
2001-03-03,-14.468616974059886,11.797625803000855,20.961970688004314,-11.270965046652195
2001-03-04,-12.737355787092525,10.993856024826245,20.753460135247387,-12.0301329710125
2001-03-05,-13.830774146012113,11.736113595113794,20.76871443921818,-10.625057897299719
2001-03-06,-11.647119196871468,11.461004879763985,20.725584467803788,-10.00246086358083
2001-03-07,-10.995494562821003,11.771129082458533,20.903380129343354,-9.543561627109543
2001-03-08,-10.524262271856358,13.132721984157552,20.31919197601966,-10.061408489853193
2001-03-09,-9.354462288987905,13.376751535018983,20.14113916079238,-10.074823707852161
2001-03-10,-8.93708018815912,14.211425040783801,20.10407704284712,-8.475220391807735
2001-03-11,-7.652131458449057,13.05060088303727,20.088918330487434,-9.536542374693884
2001-03-12,-6.547294672093203,12.638103408763383,22.08484052887145,-9.195687758497629
2001-03-13,-6.605648996320289,12.565855848791388,22.25254839120865,-9.038417509464931
2001-03-14,-7.203550063734718,14.312810155022177,23.585204182026562,-6.859380865893497
2001-03-15,-6.789702354280157,14.2199814122946,23.21011962238962,-8.594596819741763
2001-03-16,-7.8037776247807376,15.178427321931977,23.26144658449704,-9.21419789864736
2001-03-17,-9.575861146427835,14.501440662879016,23.97373088275174,-9.440737603948175
2001-03-18,-10.111165711556668,13.056483083705096,24.807693158116738,-9.383815422529128
2001-03-19,-8.487096893912849,14.110290329395516,24.754016459629735,-9.414037282937134
2001-03-20,-9.733273073031379,11.79624539687429,25.843389202166176,-8.72925455335786
2001-03-21,-11.2827840070349,13.763801017794027,25.101274588500615,-7.284299449537806
2001-03-22,-11.024676018867975,13.429327422783034,23.608635219667367,-8.370864005799614
2001-03-23,-12.777977103816486,13.132912096971742,24.501384753910806,-10.430154676953112
2001-03-24,-13.451133481125584,12.47456341079524,27.10960751154562,-11.397590355507674
2001-03-25,-13.02779395087019,12.32659062705413,27.250760842095254,-12.329113210370773
2001-03-26,-13.820236178171992,12.236090383203075,24.88475842771404,-12.014628653301434
2001-03-27,-14.40633044768671,12.311330521861747,24.273173672816323,-11.825191228654015
2001-03-28,-15.676612323125896,12.611663415273041,24.362771418751876,-14.000857887890453
2001-03-29,-15.492019863737573,13.739562657033135,23.57230053811108,-13.047633745697102
2001-03-30,-15.601485126345974,14.230001420839148,22.11701719490449,-12.3593281875885
2001-03-31,-16.08258924169066,12.94144678865005,23.782868984007862,-11.493194892519982
2001-04-01,-15.159479819381207,11.402023687868606,23.748254629038623,-10.72357139002874
2001-04-02,-15.931867502695644,11.553123024305874,22.99568969006364,-11.597131177591521
2001-04-03,-15.60042195434141,10.179133299173552,24.19589113393003,-10.505500099174983
2001-04-04,-15.228956793859394,10.044331269668008,24.910805404350835,-12.40991912690161
2001-04-05,-15.523732587653333,9.550019671053615,26.142310921617703,-9.874107582718965
2001-04-06,-14.953701733491874,8.248556824478305,28.7207324487913,-10.407080337873612
2001-04-07,-15.61464556505706,7.983486161383556,28.613020690490714,-11.067468342051697
2001-04-08,-15.525696761388115,8.969231273916353,29.2090360395503,-11.29248308246245
2001-04-09,-15.616836961967664,8.696769941934697,30.066387241895022,-10.8626841842821
2001-04-10,-17.51968105936083,7.787661237230939,30.84656989676718,-9.976488791265956
2001-04-11,-17.912587271875353,8.163792063107376,28.854987818339573,-9.956643001480304
2001-04-12,-17.65336906160847,8.940792003415712,26.62111222995231,-10.802337850595766
2001-04-13,-18.450262295574248,8.59708175655318,26.716558456290716,-8.90830702455749
2001-04-14,-19.141818548525176,9.026131767239914,24.40101184499064,-11.027205123462846
2001-04-15,-19.077070941618476,8.474295229303005,24.657296052116163,-11.98999014396955
2001-04-16,-19.94854622830205,8.18093261667172,25.187770626625284,-10.966758428000555
2001-04-17,-19.286670154273622,7.865564158308834,25.335878346668487,-10.926978418033297
2001-04-18,-20.582345456214114,8.273025633591178,26.14099825346083,-9.57603127683188
2001-04-19,-21.127191197280823,6.438035680597201,24.221364349211584,-8.73647382473586
2001-04-20,-22.242688097895954,3.9731706643983884,23.957101368865263,-9.043967031871203
2001-04-21,-22.70783558182398,2.5896601767739886,22.45755214820579,-8.994390505029866
2001-04-22,-22.818437988259554,2.495042864018922,21.73543464118553,-10.165254048306153
2001-04-23,-23.21020965275107,0.39404104543700136,23.806350757613384,-9.192927339863948
2001-04-24,-23.43143208932749,0.9798823649077977,24.745895427899914,-9.63652800088619
2001-04-25,-23.388076187471945,-0.15090636194292895,25.986206077462057,-8.11612747929
2001-04-26,-24.63838059385977,0.18677012445542795,25.7940367509062,-7.561637021199107
2001-04-27,-22.81958201940128,0.4132109998661879,26.61954364787085,-8.574548481938002
2001-04-28,-23.690961537332168,1.2804225099930817,27.42648162274015,-10.269750609971066
2001-04-29,-21.424817737858376,0.5404157999944348,27.983387978948574,-11.157278120448561
2001-04-30,-21.633866525673902,-0.37773036255734427,28.204687687306038,-10.600677745623937
2001-05-01,-20.217949732363238,-0.8352535021654885,28.245705240668848,-13.031537025327882
2001-05-02,-20.22678648823883,-1.1369234243106197,26.81051584380947,-13.259898720373474
2001-05-03,-20.136825305514325,-2.055389528386219,27.924412661848248,-13.603549242555156
2001-05-04,-18.49063901449446,-2.3851178832313416,26.836368198663017,-14.262302005081267
2001-05-05,-19.233955483393633,-2.489987525877388,26.835885485931357,-15.330137292728663
2001-05-06,-19.81306429508486,-3.1152828261124337,27.639962465830187,-16.128887293826164
2001-05-07,-20.118708073852392,-2.8813429515610793,27.598678864087997,-15.317987091818912
2001-05-08,-19.58656319021563,-2.0852699763375555,28.254417425807446,-14.142961971535549
2001-05-09,-19.585964976931677,-2.670720887833516,29.395551792667334,-15.186745673192037
2001-05-10,-19.45637168417511,-3.7714592179382898,28.89163607217216,-12.823815977324983
2001-05-11,-20.421228886959835,-5.2398927159532676,28.753477600895966,-13.024460983627597
2001-05-12,-21.74585303124735,-4.81386223222329,29.02068997642873,-13.43956042527307
2001-05-13,-21.026376079994247,-4.747452381168537,28.485496207445888,-12.915487106260773
2001-05-14,-19.708259291346803,-6.390023472387419,27.683360322841654,-12.385763178890594
2001-05-15,-20.527701022620903,-7.930641192173753,26.367685019323197,-13.456993377058177
2001-05-16,-20.74620202776541,-9.358415057800864,26.224332277943507,-14.29148769989379
2001-05-17,-22.168722294270413,-7.569847473004398,27.98678125905254,-14.553839207554796
2001-05-18,-20.360537483525633,-7.917740261718754,28.199013393100895,-14.017167561717951
2001-05-19,-21.08904847741701,-6.618220492964978,27.130962457274645,-13.842478340878383
2001-05-20,-19.4075264365068,-6.5983262793656365,26.158742526611054,-13.373744737349602
2001-05-21,-18.575046086336457,-8.412913480177057,25.05311630785386,-13.58999161442326
2001-05-22,-19.094878775522243,-7.08278605479725,24.993381834271116,-15.00970998545112
2001-05-23,-18.517648303154896,-7.245715637517474,25.18797432898659,-15.24067230324541
2001-05-24,-19.064446049495487,-8.650888491466967,24.649833917556105,-15.350920052949807
2001-05-25,-16.5519165721924,-8.975679271394883,24.898807245127028,-14.657501054297134
2001-05-26,-16.67001714227564,-7.489002178915495,23.505414192349633,-15.563756536433827
2001-05-27,-16.986190800613944,-8.131515101312495,25.456725644242457,-15.530542129472488
2001-05-28,-17.113610256212592,-6.425209324620534,26.030154587888614,-16.253206991207612
2001-05-29,-18.649534725152645,-6.517581875222353,25.60605285013149,-15.544885604029153
2001-05-30,-18.480472317959578,-7.179280955370381,25.442412299691746,-15.85991727612186
2001-05-31,-18.151264780341304,-6.735925076271978,25.28790320897135,-16.204463685075282
2001-06-01,-19.343618148452748,-6.179975356078168,24.546111050090996,-15.986593958701807
2001-06-02,-18.4582459703672,-5.5197533440360935,24.96029634291159,-16.249024976473585
2001-06-03,-20.118878163137218,-4.400548632330044,24.744354895385907,-18.447183230057103
2001-06-04,-19.67821556764509,-3.1168688422403683,24.6677145940244,-17.14479075680214
2001-06-05,-21.069027167785144,-2.2021546260662586,23.710622625112595,-17.3611328911759
2001-06-06,-20.741871284723803,-1.120134317621053,23.855654313044855,-18.778103722279848
2001-06-07,-21.419485967999595,-0.9691275120717936,24.910421083984446,-19.696124330228088
2001-06-08,-22.440288186943494,-0.37244621911899767,25.805594358747328,-19.553843637182414
2001-06-09,-21.931170807129053,-1.2797475126213285,27.443090792252313,-19.06971116576305
2001-06-10,-22.476197932755444,-1.2496970534588219,27.293815448856087,-19.562528941671278
2001-06-11,-20.949275295157562,-2.365221872968262,28.134672504928425,-18.834217057607553
2001-06-12,-20.386678022871898,-2.0465376182289283,27.566870434842645,-18.289628535857936
2001-06-13,-21.648315889497937,-2.173444833679276,29.636162302217787,-17.524279162418452
2001-06-14,-23.383075889857025,-2.9740997649890977,29.605350756304237,-19.105356831598737
2001-06-15,-21.768896944454514,-2.689835373150758,30.02570716719718,-18.40105498840249
2001-06-16,-23.00307325451511,-4.960792956518557,30.334002191604856,-19.145339177085003
2001-06-17,-25.048250519619906,-4.597034684553515,30.32198779891936,-18.354301989306187
2001-06-18,-24.638471044037757,-5.344697033952501,31.670260421744935,-16.774803711236828
2001-06-19,-26.06061862643618,-4.4552379419884405,31.52819369271613,-16.011948458354908
2001-06-20,-25.73098403977329,-2.9701370238171556,31.35335571674861,-18.34590197024849
2001-06-21,-25.884644767819033,-1.935343726366365,31.37896443502076,-18.344455161256118
2001-06-22,-25.890357144279644,-3.0368374829641627,32.599302461058066,-18.764342389801605
2001-06-23,-25.219171864737447,-2.313543641573445,32.655062353177286,-19.621787401801498
2001-06-24,-25.787643457019477,-0.5319065196863921,33.09152438501033,-18.412370220064236
2001-06-25,-24.920350933757305,-1.6835578823350419,34.34609338714104,-19.5241927104897
2001-06-26,-25.090837660903134,-0.975257956784992,34.77618833625915,-18.417274661868657
2001-06-27,-24.80815362829995,0.12854495177923686,34.79823028732596,-18.96000040354923
2001-06-28,-24.338978122114817,-1.467086563841999,34.26756053729676,-18.02734747613711
2001-06-29,-24.13573478395631,-0.7096625468315315,33.925523402353676,-18.4997166743625
2001-06-30,-22.973312339933283,-2.72077736077106,32.402640482285136,-18.170726873250015
2001-07-01,-22.690898669948563,-3.18880374185445,32.88967869504096,-17.709667440387378
2001-07-02,-21.15539695836305,-2.4362711182399863,33.853470928848374,-18.124686284689275
2001-07-03,-21.244154820111376,-1.7639485698730617,33.08871967677451,-19.648979716887297
2001-07-04,-19.855805755611748,0.2194931624838441,32.813540655923525,-21.02878145762322
2001-07-05,-18.927953219597814,-1.4973083410202122,31.612642615271703,-20.866812152323863
2001-07-06,-18.431135720692755,-1.5237762236449564,32.3616627828703,-20.588566245423138
2001-07-07,-18.631730065497774,-0.2529031447185286,32.57273928162119,-20.439053965575155
2001-07-08,-19.22843067810176,-0.16615831106807186,32.82265991878168,-19.927843159640958
2001-07-09,-17.930837644818332,-1.208341334597338,31.170860597077848,-21.86536972680315
2001-07-10,-17.944464760734007,-1.6537121935711707,30.828155519163985,-21.996224449219703
2001-07-11,-18.53080612776551,-3.2573934198280954,30.430920137561568,-20.083601792015777
2001-07-12,-17.111073775250727,-3.2388474598302293,31.098091176849586,-20.03118294998762
2001-07-13,-18.338279467682153,-2.134210744718556,32.550013391628255,-19.541460638696396
2001-07-14,-18.92630683901605,-2.6096181148867146,34.67962325653807,-20.118857304143905
2001-07-15,-18.69444443365685,-2.9435492190427865,36.45410348620126,-20.11485225513992
2001-07-16,-18.588001360806313,-2.7864188335715454,36.53055951364359,-20.96299516274345
2001-07-17,-19.650851153515973,-3.7065338292247674,36.58931577192386,-19.56376273983472
2001-07-18,-20.001231240840006,-4.20531292325179,35.62026497395346,-17.94912321370009
2001-07-19,-18.240864951873444,-2.409753526219964,36.014067560755805,-18.49005885620714
2001-07-20,-17.38654445639315,-4.8479517033514785,36.12232126135789,-18.433122955327637
2001-07-21,-16.535500161496845,-4.70370627870267,35.47839776907955,-19.47694995544808
2001-07-22,-16.80917762337677,-4.792903495971154,34.846668828525836,-19.478778887690286
2001-07-23,-16.63673333768064,-4.761697347329457,35.55247059130235,-18.749632645067162
2001-07-24,-17.113194766516116,-3.71195756135571,35.48107145338276,-17.95346051875377
2001-07-25,-17.754239996110922,-3.618616495498662,35.72387794308258,-16.548888015808345
2001-07-26,-18.195752228293788,-2.9048604296107228,36.882674897076264,-15.856462085074822
2001-07-27,-17.021062920032232,-3.1494314334653364,35.542307900961255,-16.277776027507127
2001-07-28,-17.627983933209283,-3.8573587146482824,34.638668378065724,-15.581074026404005
2001-07-29,-16.773969730569014,-3.2910956540137777,34.07913620355,-15.75138494968469
2001-07-30,-17.38949068680394,-1.8105675565345485,33.30384501788108,-15.039773128569644
2001-07-31,-17.264815435610014,-1.2026138191810254,35.291665149436824,-15.881953561529633
2001-08-01,-16.307075564639216,-1.276128974067665,35.78280110325279,-15.621187100488138
2001-08-02,-16.333074828561287,0.2405163017456049,34.85053032105708,-16.363955072713498
2001-08-03,-16.268225511049792,0.5760112854958812,35.048462548190905,-15.533946137030961
2001-08-04,-16.602784335112492,0.7923706807599722,34.51432308929264,-15.020318351152381
2001-08-05,-16.610978095181856,0.42113210663319545,34.58861096609843,-16.365508207348842
2001-08-06,-17.694584148089476,0.09345445230370664,33.71193572639405,-15.032088919993658
2001-08-07,-17.96894160918313,0.05025649059172816,34.199463882092026,-15.579650039202171
2001-08-08,-18.368442618584258,1.2114718146042882,35.34838666705106,-13.905596039312849
2001-08-09,-18.378412108879406,1.6219972991482292,35.42674964298793,-14.472248104337174
2001-08-10,-19.060585375695926,1.69114955369384,35.034303308644546,-15.492282749925382
2001-08-11,-19.429588309235527,1.5500036963520332,35.32820069216664,-16.692520835403624
2001-08-12,-20.658045932017323,0.37152219705953926,35.43269184188358,-16.8139069806764
2001-08-13,-20.750534824114784,-1.1944978060017764,36.21868863721322,-15.735382899736104
2001-08-14,-21.4980845372873,-1.9835174669845381,35.413578634561446,-15.976554430698812
2001-08-15,-23.010323008430166,-2.2201249852809513,33.41025670006144,-16.139299706181454
2001-08-16,-23.279930368228502,-1.795840199729803,33.68907813876864,-16.70805404010773
2001-08-17,-22.377634844376615,-2.627513813304808,34.60864253377882,-14.029350876680793
2001-08-18,-22.496983639110038,-2.6221860541457196,34.18347244168431,-14.638185895900763
2001-08-19,-23.00797469235266,-2.6748058127187897,34.075066889445665,-14.564837038452335
2001-08-20,-22.255672562509954,-4.798200911922184,33.11010259590932,-14.305865172813697
2001-08-21,-23.16823523435789,-4.482231960444299,32.40050910013023,-13.876980865162738
2001-08-22,-22.39881626221481,-6.040191258821751,30.862671272004523,-15.355299213533046
2001-08-23,-23.07121816714846,-4.257106358598374,30.849851937935526,-16.194443184070806
2001-08-24,-24.357407874596237,-3.282997488089401,31.867520863782747,-18.50986118109026
2001-08-25,-23.903720131114742,-2.8195606681319103,32.904892818616986,-18.913041729723243
2001-08-26,-23.96809037353222,-3.610541770061069,32.73399747679132,-18.681348025234595
2001-08-27,-24.856932389534123,-5.574616416636092,33.063966546910066,-17.950616629201374
2001-08-28,-24.126394058554197,-3.591770587892298,32.73658391919642,-17.793878132160575
2001-08-29,-23.91665743272278,-3.9783119934556943,31.48684923111063,-16.621870732679316
2001-08-30,-22.99986452000633,-6.061576577343624,30.281782461750094,-16.815367462178934
2001-08-31,-22.970165538859675,-6.219178641891516,30.75648851924626,-15.25489508157233
2001-09-01,-23.6275553632306,-6.647167252727481,30.917490168518988,-14.590393099925121
2001-09-02,-23.769377678320858,-5.73568176632216,30.990536342951934,-15.488442070156884
2001-09-03,-22.540737299570818,-3.947876908938215,31.767786695254856,-15.55495301494252
2001-09-04,-21.77420446246864,-3.7556838966914685,32.197086136754905,-16.435993754863595
2001-09-05,-22.707262907942834,-3.8872161061172994,32.5609090278003,-14.908093319893084
2001-09-06,-22.87425033622337,-5.1776778050298535,31.622622562721176,-15.334407491697556
2001-09-07,-22.652184090749724,-4.6538099887914885,32.063962721648174,-15.706835946935525
2001-09-08,-20.700758896460457,-4.392308213340174,31.981343064505516,-15.119306840457105
2001-09-09,-20.331290969938543,-4.311042127238762,32.68064201829497,-14.54047249232519
2001-09-10,-21.323514168112496,-4.384013839400681,33.40216476055254,-14.665354492663994
2001-09-11,-22.178532844009812,-2.9224561258649535,35.00290476692609,-14.023371800893045
2001-09-12,-21.394439602415893,-2.566531063585419,35.89444697049666,-13.113656326605112
2001-09-13,-20.688682303583807,-2.7849670444875674,34.947477574908135,-13.501331191371676
2001-09-14,-21.776239568138706,-4.594323616997079,36.01077024203448,-12.156089478149193
2001-09-15,-20.237474147976776,-4.764299629703267,35.58632311113804,-11.728985104733825
2001-09-16,-20.278945968436208,-5.443954553143893,36.138754000042496,-13.160091044921833
2001-09-17,-21.197150837452384,-5.45419436134713,37.09273262379144,-12.347615564413001
2001-09-18,-20.589173854258576,-6.075491116358177,37.586387863409925,-12.073485855622716
2001-09-19,-21.54252803626575,-5.59769935516077,37.638824686870365,-13.485081831858409
2001-09-20,-22.282394631800287,-4.575754023126604,38.744757985412484,-14.469247626126991
2001-09-21,-21.473265768695654,-5.088389174595365,39.04016478287942,-12.869663700613101
2001-09-22,-21.726362915617585,-4.396958402964911,37.992347910784375,-14.609910326472745
2001-09-23,-23.591111932946433,-2.035950354373085,38.77550384350135,-15.016540331647375
2001-09-24,-22.972253910413848,-2.2480931453607065,38.89838381756268,-14.873566146348034
2001-09-25,-23.308595554986333,-3.3252898788222387,40.25074413115245,-14.849063345289045
2001-09-26,-22.47653317749918,-1.7414575492832274,40.976370166277604,-13.729918613501917
2001-09-27,-22.989409001454504,-0.27241680604860985,39.61176942544709,-12.177362745556582
2001-09-28,-23.764357630018154,-0.6380545403759992,38.83540561972523,-13.440430891721961
2001-09-29,-24.875386725520823,-0.3668639116020933,39.74071715551019,-14.471174288809252
2001-09-30,-23.939997685440744,-0.6545786899888139,39.421757060603674,-14.505146862675485
2001-10-01,-23.027460364036617,1.3879877546365296,40.36762679031753,-13.148458837091791
2001-10-02,-24.203800945764666,2.1982313325363734,38.40450109772747,-11.413186702829654
2001-10-03,-23.966659640859188,2.2715906025255626,38.42713786578045,-10.255472820926357
2001-10-04,-22.396147462424565,1.7377251271952243,38.12827678096925,-9.730781251606215
2001-10-05,-22.200781526079815,3.1784641636897253,37.87987516660745,-9.148455208340591
2001-10-06,-21.7865514584789,2.3803705125475707,39.43587929296319,-9.57320398503463
2001-10-07,-20.885270718103225,1.7307188479735371,40.79285527455212,-10.44771930862008
2001-10-08,-21.17854516158996,2.224377801024037,39.293218361911315,-11.031540725936196
2001-10-09,-22.79553122989863,1.5228153492811312,38.84694492356397,-11.550149347667613
2001-10-10,-22.328278987438953,1.5975273466515854,38.46266563968284,-11.405785121417319
2001-10-11,-22.335848420928638,1.9520004583110646,38.20667674779181,-10.973434238816756
2001-10-12,-23.01593112358012,2.2873519562806632,36.54005030562379,-10.077265052955251
2001-10-13,-23.51319418113966,0.7987103038580388,36.73908346859027,-9.946733728019227
2001-10-14,-25.104352856319288,0.6890156000643838,34.37180693952906,-9.05310779565566
2001-10-15,-24.06980908584898,-0.46780328710442565,34.2355779402836,-9.372702085059288
2001-10-16,-25.374499958559213,-0.3745278230439479,35.68020639576919,-9.265634789652527
2001-10-17,-25.097968486480116,0.8057891915440389,37.20637861109903,-8.246448875014249
2001-10-18,-24.160843305383494,2.6654497181101444,37.4132876302691,-7.893394257662237
2001-10-19,-25.05288918295891,3.7579198618166396,37.14663331126677,-8.620562084099157
2001-10-20,-25.856246570370764,4.781636184854724,37.71114002591769,-6.427380618827681
2001-10-21,-27.249185463519776,5.859150761017178,39.051979707771935,-6.120370220069219
2001-10-22,-27.974244621731938,3.988843120355758,38.241234403714564,-5.74065786251076
2001-10-23,-28.128737331823025,4.202319157484425,37.47804313034816,-5.433166702049424
2001-10-24,-26.785179334270758,3.812877067743581,37.76149485512687,-6.153768687675958
2001-10-25,-28.409330023583756,3.8493677383111713,38.36358883559648,-5.003477278902134
2001-10-26,-29.227255968030548,3.617795542701463,36.466402064309335,-6.173308610517406
2001-10-27,-27.63037081038116,3.157394343016116,35.645829021118246,-6.122675157884114
2001-10-28,-27.949025269770992,2.624873812759618,33.73361765459116,-6.113209215612894
2001-10-29,-26.81833316683507,1.9711631260827245,33.44095129803831,-7.708437735933247
2001-10-30,-26.794949138888725,1.8649766601057374,32.50928220584363,-8.978522865671525
2001-10-31,-26.545274096416268,2.9084076637269023,31.271134937915736,-9.828143181000497
2001-11-01,-27.804823809788015,4.309341241410587,32.74361573491099,-9.693290868709063
2001-11-02,-27.275240708683768,5.537746693519604,30.27371105466761,-11.463709450796818
2001-11-03,-27.06209539165373,5.559610082030341,29.922625510221913,-11.16898507831718
2001-11-04,-26.824317456412928,6.345696541863921,29.18856506730054,-10.848830535493274
2001-11-05,-28.298554758013143,8.207494985338943,27.690824849365832,-10.954961063280019
2001-11-06,-30.7422924746594,7.900607278574338,27.081035829740365,-12.335112877742569
2001-11-07,-30.28230975324086,8.5124606970105,25.930407415893047,-12.812022341898457
2001-11-08,-29.2460557474308,8.211037896398093,25.076980550930983,-13.147163715995225
2001-11-09,-30.960459928809446,7.2941645961415,24.285112957283594,-13.75072101667245
2001-11-10,-30.43028570635421,6.685920982789517,24.708143948041936,-14.310511406602169
2001-11-11,-29.75678667148094,7.8002791052184115,24.02160750514602,-15.018798366655265
2001-11-12,-30.591505723670537,9.55466242840025,22.27775638975432,-15.260596454921417
2001-11-13,-29.121608078888492,8.444526078182394,22.84616119366511,-15.527058652087973
2001-11-14,-28.87758643107948,8.198843736519764,22.107055287782504,-15.988797286716297
2001-11-15,-29.680401058353304,6.41792222761176,23.070193251258132,-13.374205800104571
2001-11-16,-28.87453402929395,5.728971111248031,22.750494612509538,-14.24952856139099
2001-11-17,-30.9933695957229,7.889047433386748,23.34674565536648,-13.787923026698088
2001-11-18,-29.21018217475797,8.061829439989735,23.738037414348362,-13.292067205736387
2001-11-19,-29.76735235522693,7.389987477976476,24.699795996667632,-12.45330870202955
2001-11-20,-29.876155352723647,7.769448924761295,25.41703990155222,-13.992032194713772
2001-11-21,-29.017778330969655,9.639317574926547,24.033085729586915,-13.491369412542475
2001-11-22,-29.097567278287183,8.020646559510414,23.80245318533261,-12.375209979753969
2001-11-23,-29.407800405035044,9.53373855563894,23.348774733379624,-11.066474700493112
2001-11-24,-28.270912274093092,9.12361727656112,23.364533094140054,-10.58525148038692
2001-11-25,-28.053323566054917,9.13958730812548,24.885997075242745,-11.443548946372548
2001-11-26,-28.584023272200007,10.952121033594045,24.797942412634576,-13.08195356893979
2001-11-27,-28.973281841861244,9.901455132961265,24.209484524668607,-12.421038892656803
2001-11-28,-30.184126061746834,10.460171436395814,23.59537916004999,-13.069604893104737
2001-11-29,-30.25102571170483,10.615877810011487,22.230629896880608,-12.243175934647901
2001-11-30,-30.19045254492584,9.740141218041321,22.551233281695414,-11.72589636307519
2001-12-01,-32.37207947593185,10.501353337775885,22.55105025896585,-11.396469611187673
2001-12-02,-33.25675276575031,10.315292408729775,22.13330237201404,-11.508239941379943
2001-12-03,-33.431719710675495,10.140688201313653,23.11141988237774,-11.843008688482454
2001-12-04,-33.03832675964713,8.289161546228492,23.80401728149878,-12.335580692495098
2001-12-05,-33.03342008059111,9.941182485301239,24.366511433345313,-13.723641744470193
2001-12-06,-34.276344154147445,9.145194753590342,26.121605668728648,-13.564415199056496
2001-12-07,-35.06335085033826,9.795379421854054,26.97431196023136,-13.201424138615314
2001-12-08,-34.01104676780321,10.709980173635413,27.639895390669775,-13.367982720527417
2001-12-09,-33.57462909651514,10.940772823062991,26.232128906266833,-15.002009340716434
2001-12-10,-32.93586887393749,10.208049981070884,27.189751330702375,-14.1206763256247
2001-12-11,-35.54890548536731,8.867190100256904,26.426670115896343,-14.107062570596511
2001-12-12,-35.30181696765335,7.7105425681989495,25.913266194671735,-12.462929976480076
2001-12-13,-35.04635871744143,6.288389590482568,26.548664634909503,-13.62970946047661
2001-12-14,-37.3176672477272,6.333008094433915,27.722812088341236,-12.292950365260964
2001-12-15,-36.89995794417002,7.8703337651185015,26.7529901985128,-12.276277961032457
2001-12-16,-36.04447685385773,8.29695195137949,26.354087689838888,-11.460021002003515
2001-12-17,-34.21475476269172,7.341173185943315,26.604479939405955,-12.156943821975872
2001-12-18,-35.65451119289363,7.846404955064086,26.78550800556476,-10.825067382619546
2001-12-19,-37.08961630893869,8.13680688475213,27.37655822753469,-12.263315187283652
2001-12-20,-36.252232900714674,9.936911926450442,26.77879643651089,-12.264380647168082
2001-12-21,-33.83260633751164,10.501649831180504,26.618149707580077,-11.014722758183371
2001-12-22,-33.53005870108964,11.014283407748566,27.83134248455047,-9.16656546399841
2001-12-23,-34.0667649334377,9.313662857974926,28.58700114833719,-6.456395593310351
2001-12-24,-35.9740956322454,8.794339138116321,27.859187056451596,-6.726522456245448
2001-12-25,-35.804039084939305,9.215848752916022,28.879317314898383,-5.183821641513109
2001-12-26,-34.874264217063974,10.392162408635095,29.00662563285439,-5.8063728400254275
2001-12-27,-35.47407089686362,10.343137732307925,28.151679773995795,-5.6059791799315555
2001-12-28,-33.65268636629261,10.8662224808238,28.045737255255474,-5.474897171563144
2001-12-29,-33.093522505623675,8.551853451318106,27.929914505195136,-3.897340538225854
2001-12-30,-31.230660754321818,8.549224438569938,28.59707021401513,-3.487777801960672
2001-12-31,-29.877144868381357,8.138325956234846,28.688952134279468,-4.117991241272136
2002-01-01,-29.648077735813676,7.305805629044544,26.021978560590128,-2.202626664485349
2002-01-02,-28.569301036775187,7.504948238009733,27.076841065794387,-0.4330114229138724
2002-01-03,-30.330990480111925,8.52455962666097,26.41349228258902,-0.7403419859099805
2002-01-04,-29.10693035961402,7.4865327258404015,25.959803444886823,0.3396621857604052
2002-01-05,-28.159041990730984,7.286761573762805,26.16923820300024,0.02270637850560403
2002-01-06,-28.405382451514832,7.3764591956908765,25.182626705441255,-0.7546641326995969
2002-01-07,-27.487842554958295,8.630891105340007,25.275821421108578,-0.25905108068524657
2002-01-08,-26.94756603372904,9.12392797785409,25.7135370790384,-1.6278422734345874
2002-01-09,-26.140954719981266,8.181966959145257,26.548154383846395,-3.6025541872057776
2002-01-10,-26.088034523901253,8.592290281335075,23.98280196005003,-4.863621607875065
2002-01-11,-24.74699458144293,8.491314438443979,23.568509829331422,-5.207917344721117
2002-01-12,-23.303700139159876,7.00646632732552,25.53013994817687,-5.845228721530339
2002-01-13,-24.25524617972683,6.5525276728864945,25.34386398267826,-6.595740649667885
2002-01-14,-22.32979461413905,8.89587057855777,24.200551552864095,-6.436956754922547
2002-01-15,-23.09224812389409,7.612473321989958,23.030553396404045,-5.699359138003711
2002-01-16,-22.58794553074806,7.225637556554456,23.93962957211226,-5.280629916915099
2002-01-17,-23.72250311549655,7.9269753906107825,23.526664866574546,-5.198163966823549
2002-01-18,-22.99055216707757,9.360927983197799,24.195150896505996,-4.946740759532493
2002-01-19,-23.04857547034482,7.960561158491753,23.77521458935904,-5.362820377779816
2002-01-20,-22.9777754238698,6.940406409411424,23.368520020651808,-5.949613058675453
2002-01-21,-22.54535972367622,9.026938595847419,23.798274780648093,-5.2896176099819465
2002-01-22,-21.260963181398335,10.518217502803298,23.26586472135754,-4.915287802551524
2002-01-23,-21.958864305165317,10.148200107359939,21.619360874878424,-3.654482714009874
2002-01-24,-22.74277512079051,11.08308555896679,21.037699996376812,-2.6446042564324577
2002-01-25,-22.255954925087355,10.056446159485775,19.167683965076407,-1.0841548846903055
2002-01-26,-21.885996087275927,9.071796027209183,20.670680007079987,-1.469504771859572
2002-01-27,-23.583526648927627,9.227192950785568,21.402108263270897,-0.7571823107224332
2002-01-28,-24.093831809088886,8.855942003741623,23.067398031900783,0.3776961731367766
2002-01-29,-24.092924794632196,10.183160777218191,22.614550161062382,1.789907079564386
2002-01-30,-23.24652915598244,11.776616203855724,23.156855165397026,2.0443852472231465
2002-01-31,-22.86023353353327,10.873807209735636,24.345354764601073,2.043764237436429
2002-02-01,-23.383997794411012,11.854852158942103,24.129653582394678,2.4287230659006758
2002-02-02,-23.11877999075147,11.502943484529334,24.67206516943377,2.5087846143835715
2002-02-03,-22.21698927290117,13.24895435984016,23.959030903935858,0.6347559765176696
2002-02-04,-23.164073156517624,14.546879843471038,21.247031674758844,1.8771162979620826
2002-02-05,-22.127788761859016,14.491647233218307,20.73113299908217,2.7359975575032545
2002-02-06,-22.355198439551987,15.816810063273955,20.5413706878003,3.3678160451648766
2002-02-07,-23.35512106350305,15.715990443925508,19.023417021979316,2.262102372555338
2002-02-08,-24.179395512440216,16.156009071752138,18.424270200098636,0.7377003611448489
2002-02-09,-23.114849490948195,17.344375273642687,16.78016305272758,-0.7151218668197374
2002-02-10,-23.777304206462222,16.26604432393097,18.478790633816892,-1.399698879467058
2002-02-11,-24.06336982804102,15.997216944430885,18.54511137079368,-0.8185412464793442
2002-02-12,-23.639691010847173,15.846212802434543,17.075839273564075,-1.415449588909043
2002-02-13,-25.30891604665896,14.419551256522313,17.3674511983816,-0.17234471939343643
2002-02-14,-24.65807484948157,13.572722933538683,17.50342814099975,-1.6160230485718365
2002-02-15,-24.564793067413557,13.053041024567195,17.803672836840338,-3.214819205468616
2002-02-16,-23.95131753829076,12.571715584189938,17.497193863957822,-4.846236821386957
2002-02-17,-24.0375590871156,13.149802021363868,15.446883122116155,-2.8037375245736387
2002-02-18,-24.61788249484745,12.515687485510076,16.190736461441297,-4.068580360918482
2002-02-19,-22.137461236950863,11.922999325570903,17.923690761581156,-3.008748933372038
2002-02-20,-21.735220562435018,11.067892761055782,17.466551166075078,-4.534726094156621
2002-02-21,-22.511292973805748,12.664113699274504,19.655873104327945,-2.9231337131288253
2002-02-22,-22.9209097139168,12.44238853985526,18.475071009507744,-3.005228491821614
2002-02-23,-23.485809180733433,14.056914882415871,17.28372979973827,-2.43770457159132
2002-02-24,-24.02621041787526,13.530768206690272,17.500186517722483,-1.5940401448657995
2002-02-25,-24.336814701210596,13.440012213433702,17.521695623124902,-0.3896203392102233
2002-02-26,-24.95543824420508,13.410648066435906,17.7577369801719,0.8110889651906426
2002-02-27,-24.253711644767154,13.33337007192071,19.62438210085713,0.9612550512846092
2002-02-28,-23.30280866602646,13.676045862432224,17.968518932291325,-0.08964655913490183
2002-03-01,-22.443300707073167,17.134273234466068,19.499106589986283,-2.281135502768784
2002-03-02,-23.397577626213863,17.291120388980826,19.521670297594362,-2.9050830960515484
2002-03-03,-22.938801326184244,16.419421352592025,20.207330633062426,-3.501557159803937
2002-03-04,-21.44712899659102,16.51238318726489,20.682363937618273,-2.9386290511434017
2002-03-05,-22.051716597550296,15.677204290907094,21.846996903760864,-3.6008067429641777
2002-03-06,-23.908624186450105,14.685406987748365,21.21760770318302,-3.2722509392214576
2002-03-07,-25.423574665975224,14.50562837527963,23.31269955054848,-3.168096666312164
2002-03-08,-24.77963004730065,12.480907819549008,24.693675824543497,-2.4235824384987286
2002-03-09,-24.346022509087998,11.55503988678354,25.0980216554245,-0.9341385466272609
2002-03-10,-26.39156272478278,11.46139390037839,25.639574597280976,0.38086429455966675
2002-03-11,-26.929220944961354,11.779402411124586,25.52082508951644,0.7381853692991485
2002-03-12,-26.124302363271134,10.858739194290175,25.439040552972937,0.04651548662144456
2002-03-13,-25.234937803424057,11.74805383032492,26.8622439703742,0.9615886545826459
2002-03-14,-24.283651955078554,12.470734466127912,27.095441663050565,0.9905798824811919
2002-03-15,-24.710839877756452,11.210651764500678,29.02503638145596,2.976995550422623
2002-03-16,-26.664762440636697,10.988163765553804,27.88930456356522,1.9211712368375438
2002-03-17,-25.4197349232741,11.600764393363567,28.532965922288856,1.5530237248269372
2002-03-18,-25.735736375086745,12.010067970165727,25.823511987786862,1.5564494482685847
2002-03-19,-26.67668701990187,12.090743185707506,26.489138883846387,1.8740413413385106
2002-03-20,-27.267639892279636,13.606490337851238,26.159996297574704,2.0581778788287926
2002-03-21,-27.362988228012092,12.947436634429533,26.024794381301383,2.3987585478635185
2002-03-22,-27.212869488771243,12.531885169631353,26.94994048732274,3.366381501213957
2002-03-23,-27.21409119738155,12.825646148737352,25.460424863557726,3.3317411085396498
2002-03-24,-27.38333766625023,12.827587743201985,25.944720939809226,2.9555082296483097
2002-03-25,-27.463163472079536,11.460719610563835,26.287592760832748,1.7649869921072034
2002-03-26,-27.733759467952734,12.919080674202235,25.339023879654885,3.5973219232895715
2002-03-27,-27.05098267775899,13.890991547131188,24.600696851181542,6.196754123937647
2002-03-28,-27.994981302849048,12.676298890686281,25.51303179315236,5.515085580565925
2002-03-29,-30.519830068958555,10.452041226695084,25.771029804133974,7.076139819306169
2002-03-30,-31.096545737007336,9.853016277164837,26.36235656715901,8.081459248070436
2002-03-31,-29.081576417192057,11.75182072679307,28.174955964892366,9.468667055619258
2002-04-01,-29.52682270587824,11.607749791528937,27.928915216656716,9.86011548807574
2002-04-02,-28.67953513156,12.165589704044015,27.449476570388196,9.031105357168965
2002-04-03,-28.595626224724054,11.679445721814972,27.94382728937181,9.356864379075972
2002-04-04,-29.32701860798699,11.528038052445359,27.2978020185468,10.394595296929932
2002-04-05,-29.088470269070307,10.828703210247049,27.383926156691928,9.851918993052568
2002-04-06,-30.452816485041758,11.886881301934734,27.976854581571576,10.006736296852123
2002-04-07,-32.220337859514444,12.834273774045656,29.256868474822877,10.647065380850457
2002-04-08,-30.493461225048748,13.719999764545674,28.817501187990825,10.92172204587138
2002-04-09,-30.78897156501693,13.653190372396814,27.8834541682957,11.311405049914006
2002-04-10,-31.320679794205255,13.959674890659425,27.77082492443745,12.162859725679864
2002-04-11,-32.08436577643029,14.570037591575026,27.541706403390215,13.5118111519434
2002-04-12,-31.386976617408486,14.500855611820787,27.529109515675177,12.144091977860526
2002-04-13,-31.64646080724928,13.406773982003157,28.167878951495865,10.632691516249546
2002-04-14,-32.521323771741194,13.551457502868386,27.5400969622367,10.19407358244525
2002-04-15,-31.809049394182992,13.961919823640313,28.043274640278565,9.629449446995176
2002-04-16,-31.22141170176957,14.246444097500698,28.614501959935055,9.399048093661753
2002-04-17,-30.533305823299397,13.215149521779423,27.06983507497911,10.216438070385012
2002-04-18,-32.456934478597404,11.883980152154376,27.2559689781755,10.85590748751613
2002-04-19,-31.978462807460634,12.214852651176205,26.50479583041914,10.483889842621851
2002-04-20,-31.469844084284986,11.26769153471272,25.646801653956953,9.418528294052923
2002-04-21,-31.985000052731696,11.625279143789719,25.800387673452313,8.944677686261933
2002-04-22,-31.657662902320574,12.783340883830922,26.839433256029743,8.564341371612581
2002-04-23,-30.78910398428377,12.730249056048255,26.831853429041708,8.213541612229374
2002-04-24,-30.97996949296841,12.576544929651465,29.465745043503535,7.679892490482279
2002-04-25,-31.19866849715726,11.306091193672597,29.121594558226246,8.905967339075374
2002-04-26,-29.811985707410848,10.344344339237297,27.792638233814454,9.102511162195453
2002-04-27,-27.540197209361594,10.350217876217112,26.91639265640627,8.934055314680027
2002-04-28,-28.60342079018619,8.603573705493291,26.900707400101666,9.826546841031433
2002-04-29,-28.78657034632919,8.583225006404207,28.29868631723805,9.933806557637546
2002-04-30,-28.157328448549436,10.214503332599943,29.299318044499927,9.588240300553007
2002-05-01,-28.612632745254235,9.343861640822256,29.379871919724714,8.88548049945585
2002-05-02,-29.028616134310283,8.945829387337382,28.136854595717434,8.556435580776096
2002-05-03,-29.45454001259523,9.952524678985263,28.442266387508006,8.60489805166002
2002-05-04,-28.23341662957523,9.940265932773094,28.699155891396686,8.532966991885345
2002-05-05,-28.636986064101805,9.911343001358981,28.034567880992192,9.229129180332288
2002-05-06,-29.013375834485498,9.407174283672367,28.8297814122876,9.250528637409547
2002-05-07,-28.14726501790638,9.091473671933782,28.521284089621222,8.973330111844106
2002-05-08,-28.479746916812438,9.61629876534064,28.78394795454169,10.955149522077077
2002-05-09,-29.45648802650578,11.079059846442455,28.37666351421245,12.194901238027622
2002-05-10,-30.687779338891747,11.557356717405161,29.512204187592374,9.628594075799615
2002-05-11,-33.14875800525353,10.145271768844573,30.493251600162722,7.565770749424207
2002-05-12,-33.114658132420324,9.090446215515897,30.465972559509755,6.652051955234256
2002-05-13,-32.73657486789047,9.043389004719323,27.348392482159795,8.422055439678422
2002-05-14,-32.994516478154196,9.90187989159529,25.372232913416003,8.994265311327316
2002-05-15,-31.232231597316066,10.553228857258492,25.04540666455734,8.758976940949777
2002-05-16,-30.81551305376757,10.496736628314698,24.839131888267957,8.270891644198356
2002-05-17,-30.206698018298418,11.248946375757589,25.474397023084663,8.949078330972908
2002-05-18,-30.140657138724574,11.967428464452542,26.790220625146667,8.486530041481688
2002-05-19,-31.131846773850715,11.455870506661679,26.81118823982234,8.021833172969744
2002-05-20,-31.24879737842206,14.761414795538094,26.997095146402273,7.653547766778191
2002-05-21,-30.79089894891968,14.851896260632031,26.978699005125254,6.5757691829246365
2002-05-22,-32.416866871860385,14.229029555587456,27.88503399848179,5.959233574517227
2002-05-23,-31.752223470019953,15.495297894813278,28.9075404405546,4.038156484344396
2002-05-24,-30.668045823074706,15.567760105763023,28.709377706847004,4.575407988930459
2002-05-25,-29.21303699101258,14.14197633415232,28.67605825478084,4.620935522662026
2002-05-26,-29.94835895504955,14.23543267686332,29.154331145345576,4.446272228825972
2002-05-27,-30.262939228336304,15.789489517504347,28.8343428681454,4.509783203154791
2002-05-28,-32.44352108912177,15.875553709321277,28.538730164462535,5.387317672397746
2002-05-29,-30.970922557836232,15.887111782371933,28.16909496297638,5.037491644641304
2002-05-30,-30.15785181700859,16.598114299726674,28.121277536298848,5.7241219840547215
2002-05-31,-31.77061413270643,15.655171690866103,27.2380276078875,6.720790927884188
2002-06-01,-32.812505198263,16.292362580499667,25.706948863647774,6.544749606052792
2002-06-02,-31.935738619624175,17.555640238823102,26.25493281288495,6.9983057233578965
2002-06-03,-33.09600483614958,17.12288648960044,25.700171022135812,5.918631870251197
2002-06-04,-33.93402594894241,16.72717309350302,25.89380987661035,6.2770669707443805
2002-06-05,-33.39450699391982,15.883175740254991,25.39566026557767,8.305723160124428
2002-06-06,-31.05192008381468,16.409857705213845,26.05647640244479,7.765525894525478
2002-06-07,-30.084354487501965,14.322488603162368,28.321310396043113,5.907790470977752
2002-06-08,-31.536780210294612,13.812956384067625,28.02005228535999,8.491276334186253
2002-06-09,-32.30479991190798,14.162821860755145,26.81780469545232,8.58677841971938
2002-06-10,-32.41137354843886,12.97864144663302,28.157392884530168,8.168268249912975
2002-06-11,-32.82670302027534,11.824360582962855,26.39148723979911,8.288261228256633
2002-06-12,-34.14017065108261,12.514661676749009,26.703138298917747,9.436783330397509
2002-06-13,-34.65546360364584,11.910428104409974,27.251969482428255,10.148784117574415
2002-06-14,-32.74934267804386,12.001316806483972,24.738758277253506,10.226404273153017
2002-06-15,-32.68033895348835,13.570480138976707,25.49843563067455,10.594190330734374
2002-06-16,-32.50121822908708,13.861449817071275,25.371888840340727,11.382745582453769
2002-06-17,-31.837568974523357,13.855169146236832,27.953372215277895,10.239021937536544
2002-06-18,-32.04685407003648,13.61438287860006,27.8939767705612,8.735222748135813
2002-06-19,-32.89164992743032,13.437279541380988,27.597866791673045,10.410711091000652
2002-06-20,-31.84774090786571,11.551679285313874,26.62373338320276,9.53447247659459
2002-06-21,-31.76420820945276,9.727259481274888,26.530039080970074,11.236266569554559
2002-06-22,-32.25794633544497,10.571091856990982,27.101671185367792,11.687991207591441
2002-06-23,-32.494657866772116,10.906587504897312,26.012219158396427,11.090450543506126
2002-06-24,-30.8836988282772,10.387989727406106,28.117237777176364,10.999076921420519
2002-06-25,-30.891839761371646,10.86028072965434,29.78963825553179,11.169372835852833
2002-06-26,-31.10547308457505,11.243960302452509,30.997022096493808,9.728967130116619
2002-06-27,-32.348422616668564,11.762256071028652,31.151814812688908,7.261927282063477
2002-06-28,-34.02240199836187,10.06037078724654,29.980740735188007,7.559155401515112
2002-06-29,-34.41233807350365,9.73377983880172,29.43014606709709,7.285169439499178
2002-06-30,-33.603902836957744,9.335145631438799,30.249511853781048,8.191656303337568
2002-07-01,-33.25210679598232,9.456831125243847,29.903367743176606,8.678455417642626
2002-07-02,-32.53506179080085,9.136337039827056,28.99562931117501,7.605068866472073
2002-07-03,-33.31758459523713,9.248679874170294,29.879094251472065,8.302933884744364
2002-07-04,-33.176941582384586,8.96355695441842,28.949163752994913,9.442875369685433
2002-07-05,-32.90521203909624,9.00403204791337,28.989458581891878,9.033981945538029
2002-07-06,-31.592158738991877,9.89705915315306,27.822358860263083,10.639755490621003
2002-07-07,-30.919768432553923,9.61221449386031,28.437110805977735,9.58763618640318
2002-07-08,-29.71575673853927,10.55364982467628,28.897769178381516,9.651542466039745
2002-07-09,-27.46435397618402,10.63909969107666,29.718299448116124,9.264995699576666
2002-07-10,-27.302113728026594,9.485875551764881,30.799545749198995,10.298692010856312
2002-07-11,-26.607507270738232,7.306109900423073,31.84980218175047,10.406321702403313
2002-07-12,-25.383667275842853,7.444646086736545,31.52452272408482,12.051948880878756
2002-07-13,-25.923332311951004,7.820686474691469,31.614920019844917,11.65151815752154
2002-07-14,-27.23876628191825,8.558382234655951,31.902012249215026,12.630309770042578
2002-07-15,-27.435756564336458,7.933494763694235,29.36172932605081,12.796502228284739
2002-07-16,-27.520628124286624,8.300991363039879,28.827231899585488,12.942787872425352
2002-07-17,-27.93820757149189,8.458648860001707,27.841551520898307,13.763338208589762
2002-07-18,-26.652276667953206,9.467205401136816,27.423677981129146,13.436118521782143
2002-07-19,-25.893504240519555,8.63766792797604,28.191273261645033,12.585361511224889
2002-07-20,-28.12581862399338,8.28242424600204,28.337276053486143,11.913739642978431
2002-07-21,-29.858498484044762,7.4022153215083435,29.994882709194055,11.743135613757973
2002-07-22,-31.12549656410671,7.101158990673881,31.04587189903882,12.87460144034573
2002-07-23,-32.449984587078,8.202738793620954,32.323141317185204,12.251173927539378
2002-07-24,-32.1046707273389,8.865114752249484,32.62506434438384,9.728887787436175
2002-07-25,-31.415229461429853,6.981330713019504,31.395526940432106,8.009102701834799
2002-07-26,-30.313517892115005,6.406736721202919,32.58986435587755,6.983687388233802
2002-07-27,-30.874946315878027,5.995514017377569,33.22649499021071,5.06131167336233
2002-07-28,-29.956650061941584,6.662229216394589,33.22143485158808,5.030904840779772
2002-07-29,-30.75638715726754,4.368178626947615,32.492589282027964,6.362941411939606
2002-07-30,-31.496803516349665,4.272086664644095,32.508460005573134,6.026381169630338
2002-07-31,-32.361211012405235,4.670391131350582,31.223900817636427,5.899715110520217
2002-08-01,-35.67465113733033,4.715638065577142,31.826362540041973,6.278911816604517
2002-08-02,-36.41868086856237,2.8373724741711657,32.40629080427652,4.480436304403481
2002-08-03,-37.384952578985086,3.4988373661178405,33.59597901175606,3.1936023517323124
2002-08-04,-37.95033069259255,4.956516077306803,31.8684912502573,3.1464578088629342
2002-08-05,-38.299054317942094,5.964994229982468,32.72196701189215,3.2072724474654852
2002-08-06,-37.54842219987735,6.101742685110362,32.506148984575475,1.8943601546862376
2002-08-07,-37.834266555578004,7.976076887133241,34.190117906152814,1.7828558482765238
2002-08-08,-38.18999126505893,8.486223987486417,33.26053179879956,1.7843079824142147
2002-08-09,-38.31999067545259,7.849275075488797,32.541456892019184,2.4217303799384733
2002-08-10,-37.35211572701501,7.648162985085519,31.46837417495724,2.3446998474410856
2002-08-11,-36.77207223385803,7.246997221011962,30.347664445149928,2.072175956544076
2002-08-12,-36.32069976663384,6.975543253126723,29.348295866667943,2.425299244895265
2002-08-13,-37.03930198056526,6.595944215353413,29.603286326849084,3.7633439889433538
2002-08-14,-36.79925969758055,6.305958255577204,29.699197256749144,4.5891386743437454
2002-08-15,-35.93242107796089,7.145279551304376,30.202249535459995,5.11954642829696
2002-08-16,-35.92959188816392,7.630968843082472,28.83803881369934,4.63777991334171
2002-08-17,-34.38126898198112,7.344335874485392,29.735376710904568,4.880335099761468
2002-08-18,-34.972349145006,7.265415001580984,29.593165807163533,6.467664029481075
2002-08-19,-36.566098169074515,8.482476339774843,30.16814672535724,7.081756019048103
2002-08-20,-36.70391244396964,10.209565891198102,29.45862839229595,7.882733483783288
2002-08-21,-37.449049347395366,10.884279510411094,29.192512607660763,6.707055548295527
2002-08-22,-35.53638061164942,10.677150751926629,27.13924730633777,8.28506218443399
2002-08-23,-36.88332368688536,12.579942599073672,25.686618445317105,9.253496485532196
2002-08-24,-38.13432992476793,10.922155643071271,25.56411278610571,7.374569519182069
2002-08-25,-37.45820617625893,12.227021771753236,24.619833072351206,7.876585484269158
2002-08-26,-37.167226736806334,12.729245344553117,23.39876152579237,7.7259208033732545
2002-08-27,-38.08240705057477,12.734464577520493,22.914818737861246,9.283996171897554
2002-08-28,-37.81373078705433,12.57615540763369,23.439415903812655,8.250106948162383
2002-08-29,-39.055171790513825,12.383869258767126,21.528852975115083,9.482237806333414
2002-08-30,-41.21669601656857,11.986063358360141,20.98855367027689,8.553510968007332
2002-08-31,-43.176825520686485,11.686188927894747,21.30291457852231,8.835539074059612
2002-09-01,-42.86755049846477,11.372466858470487,20.82966962361833,10.230611633845472
2002-09-02,-44.59871695601021,11.902704537153397,19.994954302025032,9.844224100863203
2002-09-03,-43.30765795990423,11.439577873383016,20.242383691949037,8.822228131941309
2002-09-04,-43.25703505664646,11.11963018314352,18.94110049472113,9.703078453130798
2002-09-05,-44.30282656839585,11.726647371504159,18.875118638025818,10.51349787426139
2002-09-06,-44.96842640129368,13.269316748466569,19.681140080136856,8.966349559774157
2002-09-07,-45.72014754834952,13.22052858923789,18.251833456143462,8.021888904134588
2002-09-08,-45.067658064018644,14.506538712393382,17.230707885527924,7.475925827269409
2002-09-09,-45.208202792768155,15.72636717375988,17.963268782816346,8.637837113643943
2002-09-10,-44.394779936822985,17.020083133529308,17.09532912824258,9.48788993959293
2002-09-11,-43.9657256889495,18.13980275169824,17.54822891347884,9.249653324260807
2002-09-12,-44.860615218637406,17.094751544246613,17.431940170302312,9.181424142701138
2002-09-13,-45.3574859401136,16.783425817839976,17.400787441440887,9.693175577263451
2002-09-14,-44.889658609846734,16.154213384576035,16.70734535548469,10.695020807330428
2002-09-15,-43.90898988779276,14.62683900712127,15.25830939550489,11.474945544522619
2002-09-16,-43.11854127506216,13.66899355217496,15.614835445163337,10.652429155672476
2002-09-17,-42.66620673957982,14.013501111398579,15.635808440558648,10.935218405079462
2002-09-18,-43.47741194585468,14.84891233320369,14.302774218349633,9.40001984241487
2002-09-19,-45.577504818572244,15.157600683387775,12.496034906706598,10.88672537877998
2002-09-20,-47.27737462927351,15.379490818392156,12.1864566638331,10.172535283783121
2002-09-21,-49.15457656917131,17.076084926476653,12.44557352859884,11.73963807209779
2002-09-22,-48.77162303282983,17.507895087184,11.386294163545505,10.192004411505899
2002-09-23,-48.85546237810169,17.87982820288599,11.279860793942428,10.641186506586479
2002-09-24,-49.29200795663177,17.712933299813237,12.338678994517117,9.984139601966959
2002-09-25,-49.62134052825456,17.075093641475906,13.934225088180337,7.965796901214473
2002-09-26,-49.28244847523178,16.34584208489232,12.294668006580643,7.180244193610205
